State,Date,Predicted_Sales
Alabama,2023-12-10,418126850.415058
Alabama,2023-12-17,423394583.5727634
Alabama,2023-12-24,419976263.908722
Alabama,2023-12-31,437026240.8071101
Alabama,2024-01-07,451902554.3619912
Alabama,2024-01-14,449516665.96373177
Alabama,2024-01-21,485519577.658676
Alabama,2024-01-28,488388254.1781221
Arizona,2023-12-10,447016588.68644124
Arizona,2023-12-17,461865883.44220287
Arizona,2023-12-24,467820922.8393767
Arizona,2023-12-31,468689342.5921288
Arizona,2024-01-07,496356804.54952335
Arizona,2024-01-14,498385019.5518627
Arizona,2024-01-21,488641002.60823447
Arizona,2024-01-28,509023621.51978046
Arkansas,2023-12-10,220478786.89541987
Arkansas,2023-12-17,219196339.39824495
Arkansas,2023-12-24,228827928.2378163
Arkansas,2023-12-31,229333196.0344588
Arkansas,2024-01-07,247207200.24574277
Arkansas,2024-01-14,253155585.887178
Arkansas,2024-01-21,259676066.0601029
Arkansas,2024-01-28,243829689.49846047
California,2023-12-10,1782344138.845705
California,2023-12-17,1885620468.2910345
California,2023-12-24,1935009922.9422276
California,2023-12-31,1915163015.7425308
California,2024-01-07,1902464686.1240935
California,2024-01-14,1904032993.107351
California,2024-01-21,1993585640.593383
California,2024-01-28,2100855301.1501167
Colorado,2023-12-10,352606441.59771174
Colorado,2023-12-17,376669173.0173546
Colorado,2023-12-24,368742133.41026807
Colorado,2023-12-31,374182131.7576612
Colorado,2024-01-07,400456224.37754273
Colorado,2024-01-14,412355579.4697964
Colorado,2024-01-21,402147769.42245907
Colorado,2024-01-28,401365095.2583758
Connecticut,2023-12-10,182575307.89821476
Connecticut,2023-12-17,182623287.514929
Connecticut,2023-12-24,193100908.36940268
Connecticut,2023-12-31,195118039.01331225
Connecticut,2024-01-07,201299297.3464927
Connecticut,2024-01-14,192635269.08066878
Connecticut,2024-01-21,210514349.89423636
Connecticut,2024-01-28,205201948.99288592
Florida,2023-12-10,1632973843.8949301
Florida,2023-12-17,1628618607.0380447
Florida,2023-12-24,1592204769.8346741
Florida,2023-12-31,1636762389.879005
Florida,2024-01-07,1621561008.3873503
Florida,2024-01-14,1797350895.7688782
Florida,2024-01-21,1754909230.8801737
Florida,2024-01-28,1782156852.9695556
Georgia,2023-12-10,787873102.4553925
Georgia,2023-12-17,768520506.5436226
Georgia,2023-12-24,822378492.0932739
Georgia,2023-12-31,842980288.035685
Georgia,2024-01-07,829389247.2908231
Georgia,2024-01-14,828674398.0319471
Georgia,2024-01-21,872232712.9819776
Georgia,2024-01-28,869807875.1982509
Illinois,2023-12-10,692004946.7765344
Illinois,2023-12-17,703394066.4930987
Illinois,2023-12-24,695536992.560334
Illinois,2023-12-31,673316996.4009149
Illinois,2024-01-07,683692444.4130113
Illinois,2024-01-14,714162817.2668189
Illinois,2024-01-21,719134547.9830077
Illinois,2024-01-28,773856454.3885086
Indiana,2023-12-10,458724918.1305023
Indiana,2023-12-17,477843076.61461127
Indiana,2023-12-24,472786821.6346466
Indiana,2023-12-31,476743921.8183896
Indiana,2024-01-07,473782831.9628728
Indiana,2024-01-14,506532407.5141933
Indiana,2024-01-21,519121738.83663464
Indiana,2024-01-28,534989965.2908245
Iowa,2023-12-10,243971354.39394236
Iowa,2023-12-17,245151860.27113244
Iowa,2023-12-24,243289787.2957775
Iowa,2023-12-31,247076263.81550094
Iowa,2024-01-07,244539671.9736098
Iowa,2024-01-14,252637580.01947725
Iowa,2024-01-21,262455923.36791325
Iowa,2024-01-28,271336069.5975253
Kansas,2023-12-10,183128100.15706745
Kansas,2023-12-17,181735069.61675736
Kansas,2023-12-24,193069387.39545894
Kansas,2023-12-31,184470058.58125553
Kansas,2024-01-07,191692977.42938164
Kansas,2024-01-14,196108912.31586182
Kansas,2024-01-21,208901186.47457236
Kansas,2024-01-28,211662394.691372
Kentucky,2023-12-10,354137382.430256
Kentucky,2023-12-17,362140324.8181123
Kentucky,2023-12-24,366270251.00329256
Kentucky,2023-12-31,382595260.8202957
Kentucky,2024-01-07,371955205.0558785
Kentucky,2024-01-14,385021876.4936638
Kentucky,2024-01-21,382574291.01775247
Kentucky,2024-01-28,386680967.5848795
Louisiana,2023-12-10,389508829.98453814
Louisiana,2023-12-17,367862964.4892231
Louisiana,2023-12-24,396789070.5675058
Louisiana,2023-12-31,383568400.0787236
Louisiana,2024-01-07,400837547.01968634
Louisiana,2024-01-14,409719822.62735385
Louisiana,2024-01-21,424719257.37951493
Louisiana,2024-01-28,415465406.04692245
Maine,2023-12-10,95939684.9252991
Maine,2023-12-17,94400588.19819531
Maine,2023-12-24,98448024.38461484
Maine,2023-12-31,106104168.4110614
Maine,2024-01-07,102330662.15485807
Maine,2024-01-14,104385155.17296964
Maine,2024-01-21,108264901.40082382
Maine,2024-01-28,109819692.24072611
Maryland,2023-12-10,333842512.28917056
Maryland,2023-12-17,324506328.0381831
Maryland,2023-12-24,332380674.70531225
Maryland,2023-12-31,350689709.75555533
Maryland,2024-01-07,351063744.991136
Maryland,2024-01-14,373852991.3776355
Maryland,2024-01-21,385698262.6514616
Maryland,2024-01-28,373559617.07955086
Massachusetts,2023-12-10,387985816.5609731
Massachusetts,2023-12-17,388656274.58148456
Massachusetts,2023-12-24,409324569.27318835
Massachusetts,2023-12-31,385065294.001963
Massachusetts,2024-01-07,410586703.55239666
Massachusetts,2024-01-14,429664786.986122
Massachusetts,2024-01-21,425835672.6036672
Massachusetts,2024-01-28,423627100.51754194
Michigan,2023-12-10,569516992.6645935
Michigan,2023-12-17,637863670.6774364
Michigan,2023-12-24,638334755.7639134
Michigan,2023-12-31,656167100.9239634
Michigan,2024-01-07,659398408.252029
Michigan,2024-01-14,645796430.9390271
Michigan,2024-01-21,694633393.5723482
Michigan,2024-01-28,705693101.2435849
Minnesota,2023-12-10,310292001.0857165
Minnesota,2023-12-17,336100023.5140214
Minnesota,2023-12-24,331842075.8912091
Minnesota,2023-12-31,339189046.74922514
Minnesota,2024-01-07,348566402.42607284
Minnesota,2024-01-14,344268793.4424462
Minnesota,2024-01-21,361667791.1126798
Minnesota,2024-01-28,359406752.714882
Mississippi,2023-12-10,260435259.25960788
Mississippi,2023-12-17,258954142.2566143
Mississippi,2023-12-24,272771701.9134341
Mississippi,2023-12-31,272622854.27256995
Mississippi,2024-01-07,277326573.84487593
Mississippi,2024-01-14,270861934.6034784
Mississippi,2024-01-21,274164928.3293094
Mississippi,2024-01-28,279607431.2291317
Missouri,2023-12-10,386888787.0396943
Missouri,2023-12-17,402969998.764697
Missouri,2023-12-24,399659561.7831632
Missouri,2023-12-31,416753477.5543844
Missouri,2024-01-07,424229318.7615789
Missouri,2024-01-14,411931201.76803213
Missouri,2024-01-21,426203756.23476905
Missouri,2024-01-28,438778695.2076035
Nebraska,2023-12-10,120319406.11749709
Nebraska,2023-12-17,128442778.38964568
Nebraska,2023-12-24,131763540.03435905
Nebraska,2023-12-31,130931950.33609197
Nebraska,2024-01-07,131748423.12439783
Nebraska,2024-01-14,141711869.97181037
Nebraska,2024-01-21,144667874.89477745
Nebraska,2024-01-28,148057233.00873142
Nevada,2023-12-10,201475720.37480304
Nevada,2023-12-17,212076517.4745402
Nevada,2023-12-24,210590681.78535986
Nevada,2023-12-31,214948393.77827415
Nevada,2024-01-07,226192034.4821455
Nevada,2024-01-14,228435987.6645543
Nevada,2024-01-21,232510831.63151863
Nevada,2024-01-28,238774719.26084742
New Hampshire,2023-12-10,110951723.25950292
New Hampshire,2023-12-17,117143052.97832434
New Hampshire,2023-12-24,121206296.99907018
New Hampshire,2023-12-31,115923358.85953254
New Hampshire,2024-01-07,120846887.81695402
New Hampshire,2024-01-14,121798033.66273479
New Hampshire,2024-01-21,129078582.46682476
New Hampshire,2024-01-28,131839818.20423551
New Mexico,2023-12-10,148001875.56420416
New Mexico,2023-12-17,150746953.35423362
New Mexico,2023-12-24,155301566.83166394
New Mexico,2023-12-31,160490583.13232985
New Mexico,2024-01-07,160191273.98242733
New Mexico,2024-01-14,164942081.81577253
New Mexico,2024-01-21,170985708.28936723
New Mexico,2024-01-28,171491455.1188392
New York,2023-12-10,905863401.7303032
New York,2023-12-17,906963478.7606325
New York,2023-12-24,936221450.7478004
New York,2023-12-31,983689392.7852725
New York,2024-01-07,942770177.7496309
New York,2024-01-14,986871831.8271135
New York,2024-01-21,961331119.6047243
New York,2024-01-28,1001533282.9892328
North Carolina,2023-12-10,696241551.8064809
North Carolina,2023-12-17,758316181.5896158
North Carolina,2023-12-24,775896576.0350169
North Carolina,2023-12-31,782282247.6978254
North Carolina,2024-01-07,750828076.715891
North Carolina,2024-01-14,764737443.2048429
North Carolina,2024-01-21,798425529.8772266
North Carolina,2024-01-28,849531713.7676656
Ohio,2023-12-10,752847331.0487956
Ohio,2023-12-17,801132405.1052992
Ohio,2023-12-24,796056108.3118443
Ohio,2023-12-31,809765307.3184177
Ohio,2024-01-07,854165865.9633416
Ohio,2024-01-14,814870397.1360794
Ohio,2024-01-21,844341009.2503415
Ohio,2024-01-28,895745147.0986607
Oklahoma,2023-12-10,296834645.51329577
Oklahoma,2023-12-17,316573853.9560409
Oklahoma,2023-12-24,309652796.41009295
Oklahoma,2023-12-31,325455212.99485546
Oklahoma,2024-01-07,306630069.2451781
Oklahoma,2024-01-14,335912813.37510383
Oklahoma,2024-01-21,330826399.4464292
Oklahoma,2024-01-28,340583302.389189
Oregon,2023-12-10,223407951.34114257
Oregon,2023-12-17,239651345.821576
Oregon,2023-12-24,231453594.27559185
Oregon,2023-12-31,254229331.4682186
Oregon,2024-01-07,248141511.91683862
Oregon,2024-01-14,248892235.0816712
Oregon,2024-01-21,253153691.87614948
Oregon,2024-01-28,270763458.5187856
Pennsylvania,2023-12-10,709597582.225767
Pennsylvania,2023-12-17,780139342.5771934
Pennsylvania,2023-12-24,745025372.9069097
Pennsylvania,2023-12-31,803263095.7470592
Pennsylvania,2024-01-07,809723369.4968249
Pennsylvania,2024-01-14,808773566.470351
Pennsylvania,2024-01-21,828614772.529078
Pennsylvania,2024-01-28,838331785.2366831
Rhode Island,2023-12-10,53988652.85321426
Rhode Island,2023-12-17,51972050.23426002
Rhode Island,2023-12-24,57366942.29075013
Rhode Island,2023-12-31,56899085.496531084
Rhode Island,2024-01-07,56647167.17104177
Rhode Island,2024-01-14,59694385.227491535
Rhode Island,2024-01-21,57772311.93501145
Rhode Island,2024-01-28,59793100.65709756
South Carolina,2023-12-10,379355503.94403625
South Carolina,2023-12-17,405851121.935948
South Carolina,2023-12-24,418463761.40796304
South Carolina,2023-12-31,427562270.25970775
South Carolina,2024-01-07,441003309.2851554
South Carolina,2024-01-14,417583510.45892
South Carolina,2024-01-21,436668904.4567161
South Carolina,2024-01-28,451143322.5311473
South Dakota,2023-12-10,55296026.49879797
South Dakota,2023-12-17,57195755.5688213
South Dakota,2023-12-24,62196123.31269957
South Dakota,2023-12-31,59731535.90423348
South Dakota,2024-01-07,65037368.63357296
South Dakota,2024-01-14,62440751.511929534
South Dakota,2024-01-21,66609720.07894945
South Dakota,2024-01-28,67440412.01604013
Tennessee,2023-12-10,524266421.3829605
Tennessee,2023-12-17,538868217.4565873
Tennessee,2023-12-24,558901658.6746492
Tennessee,2023-12-31,567393188.1347116
Tennessee,2024-01-07,558597596.8843848
Tennessee,2024-01-14,588290450.4264635
Tennessee,2024-01-21,597513855.907327
Tennessee,2024-01-28,603575724.0128609
Texas,2023-12-10,1844583615.0942514
Texas,2023-12-17,1923741948.1329002
Texas,2023-12-24,1936283947.094895
Texas,2023-12-31,1905313918.9780846
Texas,2024-01-07,2015445489.6693952
Texas,2024-01-14,1989107232.1654615
Texas,2024-01-21,2002179146.3008003
Texas,2024-01-28,2098979599.7146719
Utah,2023-12-10,178914122.2066777
Utah,2023-12-17,172253161.61270317
Utah,2023-12-24,184959492.61222783
Utah,2023-12-31,188054313.323895
Utah,2024-01-07,183602326.93618014
Utah,2024-01-14,188884074.3024494
Utah,2024-01-21,185994741.65660456
Utah,2024-01-28,201004829.85044518
Vermont,2023-12-10,36522959.1873473
Vermont,2023-12-17,36290598.661291435
Vermont,2023-12-24,39549360.406232744
Vermont,2023-12-31,40882834.831017144
Vermont,2024-01-07,38208645.96009769
Vermont,2024-01-14,42284466.032652296
Vermont,2024-01-21,43084498.298725456
Vermont,2024-01-28,41443624.680044934
Virginia,2023-12-10,582239790.6397457
Virginia,2023-12-17,577021724.23003
Virginia,2023-12-24,607953392.4437618
Virginia,2023-12-31,612164287.0836993
Virginia,2024-01-07,639516970.4392519
Virginia,2024-01-14,641910885.4484817
Virginia,2024-01-21,636946071.5240364
Virginia,2024-01-28,674912642.2230381
Washington,2023-12-10,381824697.3225695
Washington,2023-12-17,375862277.05110395
Washington,2023-12-24,388986772.1715576
Washington,2023-12-31,418107874.2125665
Washington,2024-01-07,395457239.2243594
Washington,2024-01-14,409813943.0599433
Washington,2024-01-21,407388084.30576044
Washington,2024-01-28,433427709.9244185
West Virginia,2023-12-10,156026307.36122113
West Virginia,2023-12-17,152836096.5302953
West Virginia,2023-12-24,155758883.99803635
West Virginia,2023-12-31,168418411.32285535
West Virginia,2024-01-07,163151316.55283815
West Virginia,2024-01-14,173896326.34941348
West Virginia,2024-01-21,172529975.2774829
West Virginia,2024-01-28,166271534.01860383
Wisconsin,2023-12-10,325932557.38069475
Wisconsin,2023-12-17,316689925.4812692
Wisconsin,2023-12-24,329822859.07702583
Wisconsin,2023-12-31,351886939.4316335
Wisconsin,2024-01-07,338308715.317101
Wisconsin,2024-01-14,361448053.19883746
Wisconsin,2024-01-21,356286914.90764624
Wisconsin,2024-01-28,363564700.6392229
Wyoming,2023-12-10,45283131.08263094
Wyoming,2023-12-17,45365462.02038479
Wyoming,2023-12-24,44277382.88621004
Wyoming,2023-12-31,44569814.6977282
Wyoming,2024-01-07,45241696.63665845
Wyoming,2024-01-14,45817526.7418368
Wyoming,2024-01-21,47859317.701217994
Wyoming,2024-01-28,47784749.885236956
