State,Model,MAE
Alabama,XGBoost,94112315.52826086
Alabama,Prophet,169314663.2579733
Alabama,SARIMA,173025764.7203588
Alabama,LSTM,262800795.63084945
Arizona,XGBoost,117585974.1347826
Arizona,Prophet,163567525.34396106
Arizona,SARIMA,211433014.70245668
Arizona,LSTM,236529954.03277063
Arkansas,XGBoost,46262758.61304349
Arkansas,Prophet,69862269.56457599
Arkansas,SARIMA,100023176.50477795
Arkansas,LSTM,141125157.1326054
California,XGBoost,421792440.6847826
California,Prophet,642457716.5112224
California,SARIMA,971569341.7111696
California,LSTM,1483048117.0133998
Colorado,XGBoost,87567837.8347826
Colorado,Prophet,116333211.44557546
Colorado,SARIMA,185676061.9206007
Colorado,LSTM,231705252.05759567
Connecticut,XGBoost,38693101.11304348
Connecticut,Prophet,68151053.84972696
Connecticut,SARIMA,62350719.57407644
Connecticut,LSTM,91562095.860638
Florida,XGBoost,323707305.12391305
Florida,Prophet,558148361.623732
Florida,SARIMA,735510194.0734206
Florida,LSTM,873694637.5228956
Georgia,XGBoost,166263133.34347826
Georgia,Prophet,250637751.3873517
Georgia,SARIMA,332700360.9038081
Georgia,LSTM,623445509.5748055
Illinois,XGBoost,132957153.79782608
Illinois,Prophet,225299597.0626675
Illinois,SARIMA,208450269.2935705
Illinois,LSTM,387060669.4419727
Indiana,XGBoost,99255373.74347828
Indiana,Prophet,153826613.80615214
Indiana,SARIMA,154611536.62969723
Indiana,LSTM,331403425.07898223
Iowa,XGBoost,56789434.48260869
Iowa,Prophet,94495108.58694622
Iowa,SARIMA,114081263.72864096
Iowa,LSTM,122187552.391642
Kansas,XGBoost,36774559.32717392
Kansas,Prophet,49187269.72528132
Kansas,SARIMA,62216506.83160816
Kansas,LSTM,117774863.34799752
Kentucky,XGBoost,75875235.2347826
Kentucky,Prophet,105382412.13249864
Kentucky,SARIMA,124503125.40949084
Kentucky,LSTM,198291437.5587336
Louisiana,XGBoost,75931283.82608697
Louisiana,Prophet,92898527.7022208
Louisiana,SARIMA,129981150.11137536
Louisiana,LSTM,297788238.4204043
Maine,XGBoost,21588285.1
Maine,Prophet,29720290.90910072
Maine,SARIMA,38958741.76929499
Maine,LSTM,65846314.24890828
Maryland,XGBoost,66015952.85434782
Maryland,Prophet,114939821.5179743
Maryland,SARIMA,108875089.12152322
Maryland,LSTM,194370524.2198659
Massachusetts,XGBoost,73144536.30652174
Massachusetts,Prophet,95870975.46202032
Massachusetts,SARIMA,145768071.67751145
Massachusetts,LSTM,164323342.8473782
Michigan,XGBoost,139185413.62391305
Michigan,Prophet,212603602.99456587
Michigan,SARIMA,308151512.33603984
Michigan,LSTM,392265273.6694057
Minnesota,XGBoost,68858409.5304348
Minnesota,Prophet,107055665.87853624
Minnesota,SARIMA,160312192.06737167
Minnesota,LSTM,268466702.3650305
Mississippi,XGBoost,43335369.03722826
Mississippi,Prophet,77136935.1287326
Mississippi,SARIMA,88141440.63771859
Mississippi,LSTM,162359554.68548048
Missouri,XGBoost,96062016.05
Missouri,Prophet,147816473.31808096
Missouri,SARIMA,202982282.67811447
Missouri,LSTM,242777220.83330584
Nebraska,XGBoost,30133765.860869568
Nebraska,Prophet,48549091.77238747
Nebraska,SARIMA,53935928.81346521
Nebraska,LSTM,94367158.29881914
Nevada,XGBoost,43930371.13695653
Nevada,Prophet,56729369.29699339
Nevada,SARIMA,76090660.54393867
Nevada,LSTM,135643197.8375587
New Hampshire,XGBoost,22706846.922078807
New Hampshire,Prophet,35728724.98255998
New Hampshire,SARIMA,36555406.76161303
New Hampshire,LSTM,71358876.05998735
New Mexico,XGBoost,34470135.1326087
New Mexico,Prophet,48732073.182241306
New Mexico,SARIMA,54620098.69139181
New Mexico,LSTM,71652981.81676403
New York,XGBoost,188251471.25
New York,Prophet,251015577.584985
New York,SARIMA,283972332.102517
New York,LSTM,382928954.416065
North Carolina,XGBoost,142841643.2304348
North Carolina,Prophet,238881379.83769104
North Carolina,SARIMA,318842546.85056525
North Carolina,LSTM,368365988.3123713
Ohio,XGBoost,172318604.60652173
Ohio,Prophet,232373408.8223296
Ohio,SARIMA,347903786.13148487
Ohio,LSTM,629927036.7745169
Oklahoma,XGBoost,66854801.71086956
Oklahoma,Prophet,94095276.22053824
Oklahoma,SARIMA,111415068.1187246
Oklahoma,LSTM,169192414.83630365
Oregon,XGBoost,52261013.88043478
Oregon,Prophet,87105529.81844905
Oregon,SARIMA,110693266.44556288
Oregon,LSTM,108519107.66541052
Pennsylvania,XGBoost,153071075.4434783
Pennsylvania,Prophet,275171103.28436166
Pennsylvania,SARIMA,310687207.6778653
Pennsylvania,LSTM,472301203.7415586
Rhode Island,XGBoost,12506561.879347827
Rhode Island,Prophet,18750990.862960145
Rhode Island,SARIMA,20422637.018472392
Rhode Island,LSTM,26387442.43654307
South Carolina,XGBoost,77824814.93279551
South Carolina,Prophet,99234678.12573
South Carolina,SARIMA,122839674.8834931
South Carolina,LSTM,304427289.3725824
South Dakota,XGBoost,13549688.10652174
South Dakota,Prophet,17681408.389710326
South Dakota,SARIMA,21644986.831832744
South Dakota,LSTM,48495090.74076277
Tennessee,XGBoost,110670176.86086956
Tennessee,Prophet,160690426.84997338
Tennessee,SARIMA,180570681.82392296
Tennessee,LSTM,419459874.3623105
Texas,XGBoost,432932043.9130435
Texas,Prophet,605742102.7421956
Texas,SARIMA,854845539.0568978
Texas,LSTM,964921064.745014
Utah,XGBoost,37937346.19347826
Utah,Prophet,63285093.79547571
Utah,SARIMA,66891834.670689866
Utah,LSTM,98182186.67930692
Vermont,XGBoost,7823835.844565218
Vermont,Prophet,13503713.694349984
Vermont,SARIMA,16579515.960513998
Vermont,LSTM,24504660.26980849
Virginia,XGBoost,121646087.06086956
Virginia,Prophet,204982962.60527572
Virginia,SARIMA,228503522.201323
Virginia,LSTM,455300409.8744934
Washington,XGBoost,81036566.89130434
Washington,Prophet,128391274.56191134
Washington,SARIMA,126998376.44834895
Washington,LSTM,255498865.1224188
West Virginia,XGBoost,29815983.79021739
West Virginia,Prophet,41902857.49561864
West Virginia,SARIMA,65475973.00062992
West Virginia,LSTM,87581477.17520697
Wisconsin,XGBoost,69978491.5326087
Wisconsin,Prophet,120721275.61015782
Wisconsin,SARIMA,171547047.7187904
Wisconsin,LSTM,220266890.28738737
Wyoming,XGBoost,9998178.84402174
Wyoming,Prophet,12391302.375232266
Wyoming,SARIMA,24114271.44088676
Wyoming,LSTM,28644977.905769363
